EMPLOYEE_ID,FIRST_NAME,LAST_NAME,EMAIL,PHONE_NUMBER,JOB_ID,SALARY,COMMISSION_PCT,MANAGER_ID,DEPARTMENT_ID
100,Denise,Coleman,DCOLEMAN,"515.165.5625",AD_PRES,24000.0,,,90
101,Megan,Ellis,MELLIS,"515.162.7261",AD_VP,17000.0,,100,90
102,Christian,Snyder,,"515.186.6741",AD_VP,17000.0,,100,90
103,Louis,Ray,LRAY,"515.152.7802",AD_VP,17000.0,,100,90
104,Debra,Gonzales,DGONZALE,"515.152.6472",AD_VP,17000.0,,100,90
105,Jeffrey,Hunter,JHUNTER,"515.169.2908",MK_MAN,13000.0,,101,20
106,Douglas,Urman,DURMAN,"515.137.1493",PU_MAN,11000.0,,101,30
107,Joseph,Gutierrez,JGUTIERR,"650.157.4269",ST_MAN,7519.0,,101,50
108,Sarah,Owens,SOWENS,"650.123.9218",ST_MAN,,,102,50
109,John,West,,"650.129.6556",ST_MAN,7160.0,,103,50
110,,Mallin,TMALLIN,"650.122.5202",ST_MAN,6402.0,,104,50
111,George,Turner,GTURNER,"650.157.5466",ST_MAN,6898.0,,101,50
112,Denise,Mourgos,DMOURGOS,"650.120.3078",ST_MAN,7600.0,,102,50
113,Henry,Parker,HPARKER,"650.158.9611",SA_MAN,10919.0,,101,80
114,Nicole,Kochhar,NKOCHHAR,"650.174.8793",SA_MAN,13581.0,,102,80
115,Linda,James,LJAMES,"650.153.7331",SA_MAN,10781.0,,103,80
116,Shirley,Davies,SDAVIES,"650.197.9004",SA_MAN,10612.0,,104,80
117,Matthew,Rogers,MROGERS,"650.167.5012",SA_MAN,12147.0,,101,80
118,Dorothy,Tucker,DTUCKER,"650.121.3624",SA_MAN,13312.0,,102,80
119,Nathan,Nguyen,NNGUYEN,"650.166.1916",SA_MAN,13696.0,,103,80
120,Margaret,Alvarez,MALVAREZ,"650.142.8152",SA_MAN,11909.0,,104,80
121,Sara,Harrison,SHARRISO,"515.122.3060",FI_MGR,12008.0,,101,100
122,Richard,Johnston,RJOHNSTO,"515.159.5041",AC_MGR,12008.0,,101,110
123,Heather,Murphy,HMURPHY,"515.137.5649",AD_ASST,4400.0,,104,10
124,Christian,Robinson,CROBINSO,"515.187.5400",AD_ASST,4400.0,,123,
125,Roy,Morris,,,AD_ASST,4400.0,,123,10
126,Lisa,Hayes,LHAYES,"515.183.3173",AD_ASST,4400.0,,123,10
127,Samuel,Reynolds,SREYNOLD,"515.142.1623",AD_ASST,4400.0,,123,10
128,Larry,Guerrero,LGUERRER,"515.155.5171",AD_ASST,4400.0,,123,10
129,Kimberly,Ward,KWARD,"515.178.1983",AD_ASST,4400.0,,123,10
130,Benjamin,Spencer,BSPENCER,"515.189.6282",AD_ASST,4400.0,,123,10
131,Christopher,Lee,CLEE,"515.129.8976",AD_ASST,4400.0,,,10
132,Adam,James,AJAMES,"515.177.4252",AD_ASST,4400.0,,123,10
133,Emily,Livingston,ELIVINGS,"515.187.9610",MK_REP,8645.0,,105,20
134,Robert,Seo,RSEO,"515.150.6647",MK_REP,6631.0,,105,20
135,Catherine,Ruiz,CRUIZ,"515.122.1225",MK_REP,7105.0,,105,20
136,Albert,Vargas,AVARGAS,"515.155.1750",MK_REP,6611.0,,105,20
137,Cheryl,Bissot,CBISSOT,"515.178.6020",MK_REP,8409.0,,105,20
138,Julia,Matos,JMATOS,"515.196.8855",MK_REP,8496.0,,105,20
139,Karen,Hall,KHALL,"515.127.4016",MK_REP,6421.0,,105,20
140,,Anderson,KANDERSO,,MK_REP,6668.0,,,20
141,Judith,Holmes,JHOLMES,"515.154.9206",MK_REP,7809.0,,105,20
142,Raymond,Kelley,RKELLEY,"515.186.9827",MK_REP,7870.0,,105,20
143,Barbara,Cunningham,BCUNNING,,MK_REP,6526.0,,105,20
144,Brandon,Scott,BSCOTT,"515.167.2791",MK_REP,8697.0,,105,20
145,Lisa,Diaz,LDIAZ,"515.134.2651",MK_REP,7928.0,,105,20
146,Ryan,Hansen,RHANSEN,"515.186.2052",MK_REP,8051.0,,105,20
147,Daniel,Perkins,DPERKINS,"515.183.9947",MK_REP,8752.0,,105,20
148,Alice,Alvarez,AALVAREZ,"515.186.3849",MK_REP,7770.0,,105,20
149,Sandra,Stone,SSTONE,"515.174.9000",MK_REP,6259.0,,105,20
150,Peter,Maldonado,PMALDONA,"515.165.5593",MK_REP,7282.0,,105,20
151,Julie,Williams,JWILLIAM,"515.127.6053",MK_REP,,,105,20
152,Brandon,Weaver,BWEAVER,"515.130.5492",MK_REP,8381.0,,105,20
153,Andrea,Bennett,ABENNETT,"515.198.6299",MK_REP,8840.0,,105,20
154,,,DDELLING,"515.125.9382",MK_REP,7129.0,,105,20
155,Pamela,Hawkins,PHAWKINS,"515.195.3863",MK_REP,7855.0,,105,20
156,Howard,Henderson,,"515.191.8208",MK_REP,7666.0,,,20
157,Albert,Santiago,ASANTIAG,,MK_REP,8535.0,,105,20
158,Justin,Vargas,JVARGAS,"515.147.3413",MK_REP,8413.0,,105,20
159,Frank,Stevens,FSTEVENS,"515.154.5627",MK_REP,7001.0,,105,20
160,Theresa,McEwen,TMCEWEN,"515.130.2242",MK_REP,6089.0,,105,20
161,Ruth,Fripp,RFRIPP,"515.196.7675",MK_REP,6340.0,,105,20
162,Judy,Marshall,JMARSHAL,"515.196.7343",MK_REP,7659.0,,105,20
163,Carol,Fox,CFOX,"515.154.7111",MK_REP,8255.0,,105,20
164,Grace,Simpson,,"515.123.1529",MK_REP,,,105,20
165,Walter,Porter,WPORTER,"515.122.4769",MK_REP,,,105,20
166,Adam,Vollman,AVOLLMAN,"515.122.8706",MK_REP,6837.0,,105,20
167,Rachel,Estrada,RESTRADA,"515.156.4850",MK_REP,7958.0,,105,20
168,Randy,West,RWEST,"515.164.5903",MK_REP,6327.0,,105,20
169,Ella,Markle,EMARKLE,"515.190.8744",MK_REP,6441.0,,105,20
170,Teresa,Kaufling,TKAUFLIN,"515.120.6329",MK_REP,7296.0,,105,20
171,Anna,Nayer,,"515.153.4457",MK_REP,6863.0,,105,20
172,Jerry,Patel,JPATEL,"515.123.2406",MK_REP,6043.0,,,20
173,Amy,Rios,ARIOS,"515.123.1623",MK_REP,6695.0,,105,20
174,Mark,Butler,MBUTLER,"515.156.8072",MK_REP,6782.0,,105,20
175,Albert,Chen,ACHEN,"515.185.7005",MK_REP,7248.0,,105,20
176,Walter,Wood,WWOOD,"515.146.6135",MK_REP,8949.0,,,20
177,Joshua,Bell,JBELL,"515.140.4168",PU_CLERK,2622.0,,106,30
178,Philip,Garcia,PGARCIA,"515.129.1123",PU_CLERK,2830.0,,106,30
179,Heather,Reynolds,HREYNOLD,"515.199.5146",PU_CLERK,2788.0,,106,30
180,Roger,Reyes,,"515.171.4621",PU_CLERK,2637.0,,106,30
181,Sarah,Taylor,STAYLOR,"515.180.6293",PU_CLERK,2679.0,,,30
182,Albert,Willis,,"515.150.4894",PU_CLERK,2727.0,,106,30
183,Gregory,James,GJAMES,"515.177.3791",PU_CLERK,2830.0,,106,30
184,Peter,Gietz,PGIETZ,"515.174.7391",PU_CLERK,2877.0,,106,30
185,Gary,Wheeler,GWHEELER,,PU_CLERK,2871.0,,106,30
186,Richard,Murphy,RMURPHY,"515.175.4988",PU_CLERK,3062.0,,106,30
187,Donald,Henderson,DHENDERS,"515.194.7633",PU_CLERK,2573.0,,106,30
188,Christopher,Livingston,CLIVINGS,"515.199.3164",PU_CLERK,2864.0,,106,30
189,Timothy,Myers,TMYERS,"515.170.2154",PU_CLERK,2685.0,,106,30
190,Walter,Davis,WDAVIS,"515.187.1033",PU_CLERK,2783.0,,106,30
191,Jacqueline,Gordon,JGORDON,"515.120.6901",PU_CLERK,3061.0,,106,30
192,Nathan,Nayer,NNAYER,,PU_CLERK,2834.0,,106,30
193,Brenda,Mcdonald,BMCDONAL,"515.129.3990",PU_CLERK,2669.0,,106,30
194,Justin,Mills,JMILLS,"515.175.4235",PU_CLERK,3010.0,,106,30
195,Edward,Bryant,EBRYANT,"515.123.8477",PU_CLERK,2945.0,,106,30
196,Arthur,Rose,AROSE,"515.196.2623",PU_CLERK,3086.0,,106,30
197,Marie,Taylor,MTAYLOR,"515.163.2268",PU_CLERK,2857.0,,106,30
198,Brandon,Gray,BGRAY,"515.188.2410",PU_CLERK,2907.0,,106,30
199,William,Willis,WWILLIS,"515.157.5307",PU_CLERK,2549.0,,106,30
200,Hannah,Ford,HFORD,"515.151.2775",PU_CLERK,3082.0,,106,30
201,Mark,West,MWEST,"515.165.5925",PU_CLERK,2581.0,,106,30
202,Albert,Mourgos,AMOURGOS,"515.191.8356",PU_CLERK,2502.0,,106,30
203,Gerald,Weiss,GWEISS,"515.166.7199",PU_CLERK,2963.0,,106,30
204,Lisa,Carter,LCARTER,,PU_CLERK,2803.0,,106,30
205,Kelly,George,KGEORGE,"515.141.7903",PU_CLERK,2601.0,,106,30
206,Jacob,Martin,JMARTIN,"515.198.7925",PU_CLERK,,,106,30
207,,Carter,WCARTER,,PU_CLERK,,,106,30
208,Robert,Green,RGREEN,"515.148.4433",PU_CLERK,2981.0,,106,30
209,Justin,Barnes,JBARNES,"515.177.9396",PU_CLERK,2714.0,,106,30
210,Jessica,Hunt,JHUNT,"515.125.5273",,3080.0,,106,30
211,Julia,Bailey,,"515.141.9418",PU_CLERK,2835.0,,106,30
212,Olivia,Contreras,OCONTRER,"515.143.3254",PU_CLERK,3073.0,,106,30
213,Betty,Hudson,BHUDSON,"515.194.3208",PU_CLERK,3073.0,,106,30
214,Nathan,Flores,NFLORES,"515.123.5716",PU_CLERK,2878.0,,106,30
215,Bruce,Richards,BRICHARD,"515.180.1216",PU_CLERK,2569.0,,106,30
216,Kyle,Cruz,KCRUZ,"515.155.5321",PU_CLERK,3054.0,,106,30
217,Martha,Nelson,MNELSON,"515.175.9142",PU_CLERK,2632.0,,106,30
218,Timothy,Black,TBLACK,"515.178.2453",PU_CLERK,2926.0,,106,30
219,Brenda,Warren,BWARREN,"515.159.6861",PU_CLERK,3053.0,,106,30
220,Peter,Parker,PPARKER,"515.121.4216",PU_CLERK,2846.0,,106,30
221,Timothy,Lee,TLEE,"515.183.4143",HR_REP,6500.0,,104,40
222,Dylan,Long,DLONG,"515.130.3633",HR_REP,6500.0,,221,40
223,Benjamin,Hunold,,"515.194.2007",HR_REP,6500.0,,221,40
224,Jack,Harper,,"515.146.7092",HR_REP,6500.0,,221,40
225,Alice,Rajs,ARAJS,"515.152.4420",HR_REP,6500.0,,221,40
226,Billy,Murphy,BMURPHY,"515.189.6126",HR_REP,6500.0,,221,40
227,Nancy,Dixon,NDIXON,"515.146.3490",HR_REP,6500.0,,221,40
228,Larry,Santos,LSANTOS,"515.172.4844",HR_REP,6500.0,,221,40
229,Ella,Ferguson,,"650.198.7075",ST_CLERK,2649.0,,107,50
230,Grace,Robertson,GROBERTS,"650.191.8536",ST_CLERK,3454.0,,108,50
231,Amanda,Lewis,ALEWIS,"650.133.2551",ST_CLERK,2988.0,,109,50
232,Jacob,Padilla,JPADILLA,"650.150.1087",ST_CLERK,2754.0,,110,50
233,Maria,Baker,MBAKER,"650.153.6440",ST_CLERK,2597.0,,111,50
234,Lauren,Allen,LALLEN,"650.122.6764",ST_CLERK,2253.0,,112,50
235,Douglas,Vazquez,DVAZQUEZ,"650.140.9383",ST_CLERK,,,107,50
236,Linda,Cooper,LCOOPER,"650.126.5113",ST_CLERK,,,108,50
237,Maria,Hunter,MHUNTER,"650.160.3677",ST_CLERK,3152.0,,109,50
238,Joan,Irving,JIRVING,"650.150.4654",ST_CLERK,2526.0,,110,50
239,Michelle,Wallace,MWALLACE,"650.161.1357",ST_CLERK,2820.0,,111,50
240,Robert,Wilson,RWILSON,"650.139.6677",ST_CLERK,2661.0,,112,50
241,Daniel,Baida,DBAIDA,,ST_CLERK,2935.0,,107,50
242,Andrew,Mallin,AMALLIN,"650.123.8955",ST_CLERK,3415.0,,108,50
243,Nancy,Wood,NWOOD,"650.157.4673",ST_CLERK,3480.0,,109,50
244,Christine,Porter,CPORTER,"650.143.7061",ST_CLERK,2685.0,,110,50
245,Brandon,Davies,BDAVIES,"650.181.6552",ST_CLERK,2903.0,,111,50
246,Stephen,Bryant,SBRYANT,"650.196.6343",ST_CLERK,2457.0,,,50
247,Nicholas,Gardner,NGARDNER,"650.150.2394",ST_CLERK,2584.0,,107,50
248,Madison,Rivera,MRIVERA,"650.150.7262",ST_CLERK,2326.0,,108,50
249,Roy,Porter,RPORTER,"650.170.6672",ST_CLERK,2860.0,,109,50
250,Thomas,Warren,TWARREN,"650.164.5516",ST_CLERK,2787.0,,110,50
251,Jose,Khoo,JKHOO,"650.155.1805",ST_CLERK,2574.0,,111,50
252,Matthew,Everett,MEVERETT,"650.122.8007",ST_CLERK,2775.0,,112,
253,Deborah,Salazar,DSALAZAR,"650.176.2792",ST_CLERK,3137.0,,107,50
254,Bobby,Rajs,BRAJS,"650.148.9768",ST_CLERK,2597.0,,108,50
255,Sean,Murray,SMURRAY,,ST_CLERK,2270.0,,109,50
256,Angela,Chapman,ACHAPMAN,"650.174.2894",ST_CLERK,2809.0,,110,50
257,,Daniels,KDANIELS,,ST_CLERK,3555.0,,111,50
258,Paul,Daniels,PDANIELS,"650.134.3409",ST_CLERK,3127.0,,112,50
259,Maria,Ross,MROSS,"650.173.6139",ST_CLERK,3094.0,,107,50
260,Roy,Smith,RSMITH,"650.139.7631",ST_CLERK,,,,50
261,Diana,Mendoza,DMENDOZA,"650.188.4032",ST_CLERK,2290.0,,109,50
262,Thomas,Silva,TSILVA,"650.149.1411",ST_CLERK,2874.0,,110,50
263,Catherine,Medina,CMEDINA,"650.141.6132",ST_CLERK,2360.0,,111,50
264,Eugene,Martin,EMARTIN,"650.173.1838",ST_CLERK,2287.0,,112,50
265,Angela,Morales,AMORALES,"650.151.7312",ST_CLERK,2480.0,,107,50
266,Carolyn,Rose,CROSE,"650.170.9095",ST_CLERK,2847.0,,108,50
267,Denise,Markle,DMARKLE,"650.170.7355",ST_CLERK,3046.0,,109,50
268,Grace,Lorentz,GLORENTZ,"650.142.5054",ST_CLERK,2404.0,,110,50
269,Andrew,Knight,AKNIGHT,"650.173.1684",ST_CLERK,,,111,50
270,Alexander,Walsh,AWALSH,"650.197.4843",ST_CLERK,3174.0,,112,50
271,Daniel,Woods,DWOODS,"650.166.3372",ST_CLERK,3200.0,,107,50
272,Rachel,Fox,RFOX,"650.194.8058",ST_CLERK,3516.0,,108,50
273,Nicholas,,NFOX,"650.122.3548",ST_CLERK,3556.0,,109,50
274,Denise,Baker,DBAKER,"650.183.2528",ST_CLERK,2846.0,,110,50
275,Heather,Roberts,HROBERTS,"650.143.1258",ST_CLERK,3089.0,,111,50
276,Catherine,Hunold,CHUNOLD,"650.172.4674",ST_CLERK,2518.0,,112,50
277,Brandon,Hernandez,,"650.176.4326",ST_CLERK,3001.0,,107,50
278,Deborah,Pataballa,DPATABAL,"650.137.9524",ST_CLERK,2651.0,,108,50
279,Brandon,,BBANDA,"650.152.8636",ST_CLERK,2879.0,,109,50
280,Katherine,Jordan,KJORDAN,"650.162.3024",ST_CLERK,3310.0,,,50
281,Philip,Reed,PREED,"650.146.7339",ST_CLERK,2369.0,,111,50
282,Nancy,Griffin,NGRIFFIN,"650.134.4400",ST_CLERK,2641.0,,112,50
283,Ethan,Kim,EKIM,"650.138.6843",ST_CLERK,2812.0,,107,50
284,Andrew,Johnson,AJOHNSON,"650.147.6875",ST_CLERK,3584.0,,108,50
285,Matthew,Jordan,MJORDAN,"650.125.4526",ST_CLERK,2485.0,,109,50
286,Ann,Ross,AROSS,"650.138.3488",ST_CLERK,,,110,50
287,Timothy,Richards,TRICHARD,"650.176.4507",ST_CLERK,2263.0,,111,50
288,Ethan,Long,ELONG,"650.197.9492",ST_CLERK,3498.0,,112,50
289,Terry,Turner,TTURNER,"650.154.5664",ST_CLERK,3119.0,,107,50
290,Charles,Abel,CABEL,"650.148.4184",ST_CLERK,2495.0,,108,50
291,Dennis,Hoffman,DHOFFMAN,"650.121.6683",ST_CLERK,2811.0,,109,50
292,Adam,Parker,APARKER,"650.132.4983",ST_CLERK,2304.0,,110,50
293,Larry,Vance,LVANCE,"650.184.4756",ST_CLERK,2901.0,,111,50
294,Melissa,Moore,MMOORE,"650.165.2774",ST_CLERK,3530.0,,112,50
295,Pamela,Ozer,POZER,"650.172.2504",ST_CLERK,2815.0,,107,50
296,Helen,Wallace,HWALLACE,"650.165.6357",ST_CLERK,3053.0,,108,50
297,Theresa,Pierce,TPIERCE,"650.187.9461",ST_CLERK,3247.0,,109,50
298,Raymond,Medina,RMEDINA,"650.123.4670",ST_CLERK,3211.0,,110,50
299,Edward,Bissot,EBISSOT,"650.192.5600",ST_CLERK,3060.0,,111,50
300,Diana,Wheeler,DWHEELER,"650.133.7554",ST_CLERK,3315.0,,112,50
301,Dennis,Moreno,DMORENO,"650.139.8255",ST_CLERK,2238.0,,107,50
302,Ann,Cruz,ACRUZ,"650.121.9003",ST_CLERK,2791.0,,108,50
303,Cynthia,Hudson,CHUDSON,"650.166.1000",ST_CLERK,3232.0,,109,50
304,Dennis,Price,DPRICE,,,2994.0,,110,50
305,Jonathan,Morgan,JMORGAN,"650.134.7089",ST_CLERK,2871.0,,111,50
306,William,Colmenares,,"650.170.5807",ST_CLERK,2800.0,,112,50
307,David,Burke,DBURKE,"650.131.9936",ST_CLERK,3543.0,,107,50
308,Martha,Burke,MBURKE,"650.124.2715",ST_CLERK,3066.0,,108,50
309,Rebecca,Santiago,RSANTIAG,"650.170.2920",ST_CLERK,2212.0,,109,50
310,Vincent,Gutierrez,VGUTIERR,"650.150.7830",ST_CLERK,2654.0,,110,50
311,Billy,Marvins,,"650.180.5989",ST_CLERK,3051.0,,111,50
312,Barbara,Myers,BMYERS,"650.192.1162",ST_CLERK,2478.0,,112,50
313,Christina,Ford,CFORD,"650.175.5924",ST_CLERK,2458.0,,107,50
314,Joseph,Watkins,JWATKINS,"650.181.7596",ST_CLERK,2200.0,,108,50
315,Jason,Fox,JFOX,"650.166.4584",ST_CLERK,3213.0,,109,50
316,David,Young,DYOUNG,"650.144.5782",ST_CLERK,2554.0,,110,50
317,Paul,Nelson,PNELSON,"650.155.3563",ST_CLERK,3033.0,,111,50
318,Megan,Valdez,MVALDEZ,,ST_CLERK,3458.0,,112,50
319,,Tucker,KTUCKER,"650.165.1297",ST_CLERK,3551.0,,107,50
320,Jose,Russell,JRUSSELL,"650.131.3890",ST_CLERK,2948.0,,108,50
321,Benjamin,Hall,BHALL,"650.151.8199",ST_CLERK,2926.0,,109,50
322,Alexander,Ford,AFORD,"650.178.2432",ST_CLERK,2281.0,,110,50
323,Sarah,Chen,SCHEN,"650.160.8414",ST_CLERK,3148.0,,111,50
324,,Curry,PCURRY,"650.134.5165",ST_CLERK,2281.0,,112,50
325,Gregory,Perry,GPERRY,"650.137.5014",ST_CLERK,3574.0,,107,50
326,Zachary,Gonzalez,ZGONZALE,"650.135.7373",ST_CLERK,3567.0,,108,50
327,Carolyn,Gibson,CGIBSON,"650.165.7932",,3440.0,,109,50
328,Ralph,Mendez,RMENDEZ,"650.184.9752",ST_CLERK,2826.0,,110,50
329,Gerald,Knight,GKNIGHT,"650.137.8677",ST_CLERK,3585.0,,111,50
330,Roger,Nelson,RNELSON,"650.181.7830",ST_CLERK,2417.0,,112,50
331,Christine,Johnson,CJOHNSON,"650.169.9084",ST_CLERK,2255.0,,107,50
332,,Parker,DPARKER,"650.120.2368",ST_CLERK,3111.0,,108,50
333,Christopher,McEwen,CMCEWEN,"650.164.4089",ST_CLERK,3546.0,,109,50
334,Aaron,Peterson,APETERSO,"650.132.3267",ST_CLERK,3410.0,,110,50
335,Andrew,Romero,AROMERO,"650.186.1787",ST_CLERK,2325.0,,111,50
336,Helen,Collins,HCOLLINS,,ST_CLERK,3188.0,,112,
337,Evelyn,Payne,EPAYNE,"650.120.7674",ST_CLERK,2702.0,,107,50
338,Tiffany,Marshall,TMARSHAL,"650.182.3531",ST_CLERK,2330.0,,108,50
339,Noah,Whalen,NWHALEN,,ST_CLERK,3025.0,,109,50
340,William,Collins,WCOLLINS,"650.173.2463",ST_CLERK,3402.0,,110,50
341,Alexander,Moreno,AMORENO,"650.161.7959",ST_CLERK,,,111,50
342,Randy,Gietz,RGIETZ,"650.173.5985",ST_CLERK,3298.0,,112,50
343,Frances,Jordan,FJORDAN,"650.185.9208",ST_CLERK,2694.0,,107,50
344,Olivia,James,OJAMES,"650.161.4446",ST_CLERK,3055.0,,108,50
345,Timothy,Flores,TFLORES,"650.189.8202",ST_CLERK,2300.0,,109,50
346,George,Williams,GWILLIAM,"650.150.7165",ST_CLERK,2458.0,,110,50
347,Benjamin,Ozer,BOZER,"650.165.3117",ST_CLERK,2670.0,,111,50
348,Eugene,Mikkilineni,EMIKKILI,"650.144.9065",ST_CLERK,3141.0,,112,50
349,Nicole,Abel,NABEL,"515.143.3302",IT_PROG,8925.0,,104,60
350,Eugene,Contreras,ECONTRER,"515.158.6444",IT_PROG,6936.0,,349,60
351,Grace,Watkins,GWATKINS,"515.193.6616",IT_PROG,7378.0,,349,60
352,Timothy,Vargas,TVARGAS,"515.141.5004",IT_PROG,6835.0,,349,60
353,Denise,Rodriguez,DRODRIGU,"515.175.1486",IT_PROG,5625.0,,349,60
354,Walter,Coleman,WCOLEMAN,"515.190.9005",IT_PROG,7870.0,,349,60
355,Judy,Martinez,JMARTINE,"515.164.9927",IT_PROG,7256.0,,349,
356,Christina,Woods,CWOODS,"515.183.8680",IT_PROG,6515.0,,,60
357,Harold,Cox,HCOX,"515.150.3835",IT_PROG,5226.0,,349,60
358,Joyce,Matthews,JMATTHEW,"515.181.1230",IT_PROG,5529.0,,349,60
359,Megan,Livingston,MLIVINGS,"515.128.3273",IT_PROG,4841.0,,349,60
360,Charles,Torres,CTORRES,"515.131.3331",IT_PROG,6430.0,,349,60
361,Betty,Mendez,BMENDEZ,"515.158.6768",IT_PROG,6983.0,,349,60
362,Ann,Fripp,AFRIPP,"515.189.7927",IT_PROG,8717.0,,349,60
363,Frances,Hernandez,FHERNAND,"515.194.8911",,7335.0,,349,60
364,Brenda,Bradley,BBRADLEY,"515.139.1780",IT_PROG,8239.0,,349,60
365,Cynthia,Brooks,CBROOKS,"515.175.8033",IT_PROG,6252.0,,349,60
366,Douglas,Stephens,DSTEPHEN,"515.163.5798",IT_PROG,8889.0,,349,60
367,Charles,Marshall,CMARSHAL,"515.157.6000",IT_PROG,7106.0,,349,60
368,Carl,Stone,CSTONE,"515.155.4898",IT_PROG,8065.0,,349,60
369,Christina,Bennett,CBENNETT,"515.179.8736",IT_PROG,5232.0,,349,60
370,Betty,Sullivan,BSULLIVA,"515.144.9695",IT_PROG,7819.0,,349,60
371,Howard,Elliott,HELLIOTT,"515.172.3167",IT_PROG,6767.0,,349,60
372,Diane,Howard,DHOWARD,"515.124.2324",IT_PROG,4365.0,,349,60
373,Douglas,Mason,DMASON,,IT_PROG,7029.0,,349,60
374,Dennis,Guerrero,DGUERRER,"515.177.4402",IT_PROG,4779.0,,349,60
375,James,Ozer,JOZER,"515.134.6346",IT_PROG,5224.0,,,60
376,Brenda,Wood,BWOOD,,IT_PROG,4520.0,,349,60
377,Dawn,Sanders,DSANDERS,"515.138.8168",IT_PROG,8681.0,,349,60
378,Paul,Murray,PMURRAY,"515.164.9286",IT_PROG,5380.0,,349,60
379,Paul,Morgan,PMORGAN,"515.151.2338",IT_PROG,4400.0,,349,60
380,Jacqueline,Chen,JCHEN,,IT_PROG,6711.0,,349,60
381,Andrew,Brooks,ABROOKS,,IT_PROG,7951.0,,349,60
382,Rebecca,Edwards,REDWARDS,"515.141.5475",IT_PROG,8519.0,,349,60
383,Charles,Ortega,CORTEGA,"515.132.3144",IT_PROG,5502.0,,349,60
384,Kelly,Woods,KWOODS,"515.143.4705",IT_PROG,8017.0,,349,60
385,Alan,Perez,APEREZ,"515.133.4878",IT_PROG,6769.0,,349,60
386,Rebecca,Payne,RPAYNE,"515.183.9404",IT_PROG,7515.0,,349,60
387,Brandon,Kelly,BKELLY,"515.128.6329",IT_PROG,6595.0,,,
388,Ronald,Landry,RLANDRY,"515.162.7225",IT_PROG,4742.0,,349,60
389,Jonathan,Murphy,JMURPHY,"515.189.8645",IT_PROG,5047.0,,349,60
390,Kimberly,Rose,KROSE,"515.171.8593",IT_PROG,4847.0,,349,60
391,Randy,Mikkilineni,RMIKKILI,"515.164.1789",IT_PROG,4219.0,,349,60
392,Walter,George,WGEORGE,,IT_PROG,5666.0,,349,
393,Rebecca,Scott,RSCOTT,"515.144.2464",IT_PROG,4716.0,,349,60
394,Carl,Wells,CWELLS,"515.184.5987",IT_PROG,8809.0,,349,60
395,Jessica,Atkinson,,"515.172.2761",IT_PROG,8979.0,,349,60
396,Anthony,Griffin,AGRIFFIN,"515.146.6825",IT_PROG,7537.0,,349,60
397,Stephen,Nelson,SNELSON,"515.174.1686",IT_PROG,8017.0,,349,60
398,Peter,Bissot,PBISSOT,"515.186.9422",IT_PROG,7936.0,,349,60
399,Charlotte,Pierce,CPIERCE,"515.139.2899",IT_PROG,5584.0,,349,60
400,Megan,Freeman,MFREEMAN,"515.127.9744",IT_PROG,4742.0,,349,60
401,Gloria,Santos,GSANTOS,"515.132.3408",IT_PROG,6079.0,,349,60
402,Dylan,Pena,DPENA,"515.174.2653",IT_PROG,8045.0,,349,60
403,Barbara,Rios,BRIOS,"515.138.7029",IT_PROG,7614.0,,349,60
404,Larry,Gardner,LGARDNER,"515.145.2396",IT_PROG,7031.0,,349,60
405,Austin,Richardson,ARICHARD,"515.185.5705",IT_PROG,7583.0,,349,60
406,Albert,Stewart,ASTEWART,"515.171.9385",IT_PROG,7759.0,,349,60
407,Henry,Payne,HPAYNE,"515.153.9047",IT_PROG,7156.0,,349,60
408,Christian,Myers,CMYERS,"515.162.4908",IT_PROG,7649.0,,349,60
409,Virginia,Jordan,VJORDAN,"515.149.6125",IT_PROG,7863.0,,349,60
410,Matthew,Rose,,"515.195.9408",IT_PROG,7653.0,,349,60
411,Dennis,West,DWEST,"515.127.5036",IT_PROG,7943.0,,349,60
412,John,Foster,JFOSTER,"515.188.7457",IT_PROG,8423.0,,349,60
413,Doris,Khoo,,"515.140.1959",IT_PROG,5413.0,,349,60
414,Gary,Ray,GRAY,"515.154.7593",IT_PROG,4203.0,,349,60
415,Andrew,Guerrero,AGUERRER,,IT_PROG,8695.0,,349,60
416,Lauren,,LNGUYEN,"515.179.3069",IT_PROG,5202.0,,349,
417,Austin,Vazquez,AVAZQUEZ,"515.122.6123",IT_PROG,8225.0,,349,60
418,Denise,Santos,DSANTOS,"515.124.2870",IT_PROG,5834.0,,349,60
419,Olivia,Murray,OMURRAY,"515.193.8686",IT_PROG,7177.0,,349,60
420,Kenneth,Diaz,KDIAZ,,IT_PROG,7300.0,,349,60
421,Teresa,Peters,TPETERS,"515.161.2461",IT_PROG,8112.0,,349,60
422,Susan,Thomas,STHOMAS,"515.139.8561",IT_PROG,6275.0,,349,60
423,Lauren,Morrison,LMORRISO,"515.142.6568",IT_PROG,6970.0,,349,60
424,Donna,Rogers,DROGERS,"515.157.8118",IT_PROG,8235.0,,349,60
425,Terry,Lewis,TLEWIS,"515.129.8928",IT_PROG,5919.0,,349,60
426,Robert,Torres,,"515.165.2338",IT_PROG,4312.0,,349,60
427,John,Jordan,JJORDAN,"515.185.7796",IT_PROG,5483.0,,349,60
428,Arthur,Hoffman,AHOFFMAN,"515.161.2065",IT_PROG,6665.0,,349,60
429,Jean,Gietz,JGIETZ,"515.199.7252",IT_PROG,8721.0,,349,60
430,Sean,Vance,SVANCE,"515.127.2985",IT_PROG,4262.0,,349,60
431,Wayne,Soto,WSOTO,"515.121.6068",IT_PROG,8463.0,,349,60
432,Albert,Tobias,ATOBIAS,"515.162.7906",IT_PROG,7259.0,,349,60
433,Bruce,Medina,BMEDINA,"515.130.5735",IT_PROG,7139.0,,349,60
434,Douglas,Santiago,DSANTIAG,"515.140.1116",IT_PROG,8374.0,,349,
435,Alan,Elliott,,"515.196.2814",IT_PROG,4965.0,,349,60
436,,Hoffman,BHOFFMAN,"515.152.1213",IT_PROG,5403.0,,349,60
437,Ronald,Grant,RGRANT,"515.139.9638",IT_PROG,5647.0,,349,60
438,Amy,Spencer,ASPENCER,"515.158.2382",IT_PROG,8912.0,,349,60
439,Samuel,Wright,SWRIGHT,"515.165.5987",IT_PROG,6995.0,,349,60
440,Henry,Romero,HROMERO,,IT_PROG,6357.0,,349,60
441,,Hartstein,KHARTSTE,"515.181.3246",IT_PROG,7902.0,,349,60
442,Christine,Fernandez,CFERNAND,"515.187.6105",IT_PROG,6315.0,,349,60
443,Christian,Johnston,CJOHNSTO,"515.144.3580",IT_PROG,8655.0,,349,60
444,Lauren,Hernandez,LHERNAND,"515.199.4352",IT_PROG,,,349,60
445,Sara,Mills,SMILLS,"515.184.6039",IT_PROG,5384.0,,349,60
446,Ruth,Ozer,ROZER,"515.126.5665",IT_PROG,8601.0,,349,60
447,Albert,Andrews,AANDREWS,"515.192.5793",IT_PROG,5556.0,,349,60
448,Jack,Cain,JCAIN,"515.156.4560",IT_PROG,7332.0,,349,60
449,Mark,Owens,MOWENS,"515.121.1745",PR_REP,10000.0,,104,70
450,Frank,Vargas,FVARGAS,"515.124.6826",PR_REP,10000.0,,449,70
451,Ethan,Morris,EMORRIS,"515.176.2562",PR_REP,10000.0,,449,70
452,Dorothy,Perez,DPEREZ,"515.199.5051",PR_REP,10000.0,,449,70
453,Kathleen,Grant,KGRANT,"515.176.5566",PR_REP,10000.0,,449,70
454,Betty,West,BWEST,"515.168.5651",PR_REP,10000.0,,449,70
455,Thomas,Anderson,TANDERSO,"650.172.6309",SA_REP,8049.0,0.15,113,80
456,Ralph,Burke,RBURKE,"650.140.8627",SA_REP,6622.0,0.3,114,80
457,Andrea,Fox,AFOX,"650.165.6601",SA_REP,7269.0,0.35,115,80
458,Lauren,Chapman,LCHAPMAN,"650.177.6544",SA_REP,6467.0,0.4,116,80
459,Brian,Robinson,BROBINSO,"650.140.9423",SA_REP,7523.0,0.4,117,80
460,Catherine,,CSILVA,"650.123.7762",SA_REP,11010.0,0.2,118,80
461,Hannah,Bennett,HBENNETT,"650.158.4797",SA_REP,10389.0,0.4,119,80
462,Amber,Powell,APOWELL,"650.167.4470",SA_REP,10018.0,0.15,120,80
463,Jessica,Ortiz,JORTIZ,"650.171.5164",SA_REP,6954.0,,113,80
464,Carol,Black,CBLACK,"650.187.6515",SA_REP,10624.0,0.4,114,80
465,Walter,Kumar,WKUMAR,"650.141.3108",SA_REP,8805.0,0.3,115,80
466,Kyle,James,KJAMES,"650.179.9119",SA_REP,10467.0,0.2,116,80
467,Billy,Pataballa,BPATABAL,"650.178.8896",SA_REP,7841.0,0.2,117,80
468,Ann,Burns,ABURNS,"650.123.9022",SA_REP,6765.0,0.35,118,80
469,Patricia,Salazar,PSALAZAR,"650.145.6848",SA_REP,9086.0,0.2,119,80
470,Denise,Torres,DTORRES,"650.171.9649",SA_REP,11311.0,0.15,120,80
471,Denise,Rajs,DRAJS,"650.193.4053",SA_REP,7353.0,0.25,,80
472,Donald,Carlson,DCARLSON,"650.185.9722",SA_REP,9370.0,0.2,114,80
473,Catherine,Zlotkey,CZLOTKEY,"650.122.2712",SA_REP,9935.0,0.3,115,80
474,Hannah,Marlow,HMARLOW,"650.151.4941",SA_REP,8800.0,0.15,116,80
475,Kevin,Jackson,KJACKSON,"650.150.6673",SA_REP,11475.0,0.3,117,80
476,Virginia,Atkinson,VATKINSO,"650.186.3925",SA_REP,,0.35,118,80
477,Margaret,Kaufling,MKAUFLIN,"650.161.6517",SA_REP,11153.0,0.3,119,80
478,Michelle,Guerrero,MGUERRER,"650.130.8523",SA_REP,8074.0,0.2,120,80
479,Doris,Feeney,DFEENEY,"650.135.2277",SA_REP,7221.0,0.35,113,80
480,Rebecca,Cox,RCOX,"650.144.3611",SA_REP,7393.0,0.3,114,80
481,Linda,Watson,LWATSON,"650.176.3443",SA_REP,,0.15,115,80
482,Brandon,Chapman,BCHAPMAN,"650.159.2581",SA_REP,7632.0,,116,80
483,Nancy,Elliott,NELLIOTT,"650.172.2559",SA_REP,10412.0,0.4,117,80
484,Nicole,Stephens,NSTEPHEN,"650.168.5273",SA_REP,7572.0,0.35,118,80
485,Vincent,Rajs,,"650.125.1797",SA_REP,8072.0,0.4,119,80
486,Olivia,Bates,OBATES,,SA_REP,7237.0,0.25,120,80
487,Megan,Vargas,MVARGAS,"650.190.8629",SA_REP,10958.0,0.3,113,80
488,Andrew,Patel,APATEL,"650.141.3411",SA_REP,7967.0,0.2,114,80
489,,Carlson,ACARLSON,"650.164.5600",SA_REP,6444.0,,115,80
490,Sandra,Perez,SPEREZ,"650.123.7127",SA_REP,8433.0,0.4,116,80
491,Victor,Popp,VPOPP,"650.174.9124",SA_REP,,,117,80
492,Gary,Khoo,GKHOO,"650.171.4273",SA_REP,10659.0,0.35,118,80
493,Nancy,Warren,NWARREN,,SA_REP,8294.0,0.4,119,80
494,Julie,Mikkilineni,JMIKKILI,"650.158.9264",SA_REP,11094.0,0.25,120,80
495,Roger,Matos,RMATOS,"650.124.2516",SA_REP,9056.0,0.25,113,80
496,Philip,Alexander,PALEXAND,"650.185.6880",SA_REP,10622.0,0.25,114,80
497,Ruth,Thomas,RTHOMAS,"650.121.8116",SA_REP,10336.0,0.2,115,80
498,Andrew,Castillo,ACASTILL,"650.185.5714",SA_REP,11058.0,0.25,116,80
499,Jessica,Robinson,JROBINSO,"650.129.9494",SA_REP,11196.0,0.35,117,80
500,Rachel,Hicks,RHICKS,"650.164.7170",SA_REP,6753.0,0.2,118,80
501,Joseph,Rose,JROSE,"650.125.2787",SA_REP,8998.0,0.25,119,80
502,Charlotte,Nichols,CNICHOLS,"650.121.2405",SA_REP,8007.0,0.4,120,80
503,Jessica,Clark,JCLARK,"650.166.1169",SA_REP,7785.0,0.15,113,80
504,Peter,Nayer,PNAYER,"650.144.8013",SA_REP,6507.0,,114,80
505,Megan,Duncan,MDUNCAN,"650.181.4594",SA_REP,6950.0,,115,80
506,Sharon,Bates,SBATES,"650.131.1767",SA_REP,8593.0,0.4,116,80
507,Jeffrey,Anderson,JANDERSO,"650.177.3589",,,0.15,117,80
508,Mark,Patterson,MPATTERS,"650.186.6259",SA_REP,8568.0,0.2,118,80
509,Amanda,Harrison,AHARRISO,"650.146.7461",SA_REP,6818.0,0.2,119,80
510,Rachel,Wagner,RWAGNER,"650.137.4596",SA_REP,6290.0,0.4,120,80
511,Bobby,Tran,BTRAN,"650.141.8981",SA_REP,10768.0,0.15,113,80
512,Deborah,Chambers,DCHAMBER,"650.139.3377",SA_REP,9022.0,0.4,114,80
513,Ethan,Graham,EGRAHAM,"650.173.1488",SA_REP,6192.0,0.15,115,80
514,Keith,Silva,KSILVA,"650.156.4330",SA_REP,9364.0,0.3,116,80
515,Anna,Matos,AMATOS,"650.136.4556",SA_REP,6317.0,0.35,117,
516,Christina,Cooper,CCOOPER,"650.120.4238",SA_REP,7982.0,0.4,118,80
517,Ethan,Henderson,EHENDERS,"650.132.5144",SA_REP,9529.0,0.15,119,80
518,Kenneth,Cook,KCOOK,"650.143.6938",SA_REP,9519.0,0.2,120,80
519,Gerald,Hawkins,GHAWKINS,"650.182.2070",SA_REP,,0.2,113,80
520,Denise,Berry,DBERRY,"650.126.4271",SA_REP,8595.0,0.15,114,80
521,Teresa,Franklin,TFRANKLI,"650.161.9770",SA_REP,8040.0,0.25,115,80
522,Alice,Watkins,AWATKINS,"650.144.4671",SA_REP,6699.0,0.4,116,80
523,Patrick,Hill,PHILL,"650.179.3504",SA_REP,8550.0,0.3,117,80
524,Martha,Richards,MRICHARD,"650.157.2647",,10551.0,0.4,118,80
525,,Mitchell,,"650.180.8735",SA_REP,9564.0,0.3,119,80
526,Katherine,Contreras,KCONTRER,"650.152.4413",SA_REP,10123.0,0.3,120,80
527,Gerald,Ford,GFORD,"650.184.2394",SA_REP,10309.0,0.15,113,80
528,Richard,Harris,RHARRIS,"650.161.3417",SA_REP,9581.0,0.25,114,80
529,James,Markle,JMARKLE,"650.153.3681",SA_REP,10881.0,0.2,115,80
530,Wayne,Holmes,WHOLMES,"650.171.3270",SA_REP,10281.0,,116,80
531,Samuel,Cox,SCOX,"650.163.4605",SA_REP,10340.0,0.35,117,80
532,Roger,Davis,RDAVIS,"650.173.9550",SA_REP,6737.0,0.15,118,80
533,Ethan,Hunt,EHUNT,"650.123.4199",SA_REP,8210.0,0.15,119,80
534,Billy,Maldonado,BMALDONA,"650.165.6557",SA_REP,9821.0,0.3,120,80
535,Jacqueline,Chambers,JCHAMBER,"650.176.2912",SA_REP,6561.0,0.15,113,80
536,Billy,Alvarado,BALVARAD,"650.185.2202",SA_REP,7887.0,0.35,114,80
537,Keith,Ortiz,KORTIZ,"650.132.7883",SA_REP,11473.0,0.2,,80
538,Maria,Hart,MHART,"650.136.4295",SA_REP,8000.0,0.2,116,80
539,Kimberly,Salazar,KSALAZAR,"650.167.2574",SA_REP,6965.0,0.15,117,80
540,Albert,Olsen,AOLSEN,"650.199.6506",SA_REP,9798.0,0.4,118,80
541,Helen,Ross,HROSS,"650.147.7723",SA_REP,11424.0,0.35,119,80
542,Judy,Richards,JRICHARD,"650.166.5862",SA_REP,11326.0,0.4,120,80
543,Henry,Morris,HMORRIS,"650.165.8120",SA_REP,10852.0,0.2,113,80
544,Gary,Matthews,GMATTHEW,"650.191.9425",SA_REP,8061.0,0.3,114,80
545,Roy,Cunningham,RCUNNING,"650.177.6151",SA_REP,8440.0,,115,80
546,Megan,Mills,MMILLS,"650.197.5407",SA_REP,9994.0,0.3,116,80
547,Amy,Adams,,"650.180.1230",SA_REP,7940.0,0.3,117,80
548,Christian,Walker,CWALKER,"650.194.9317",SA_REP,10214.0,0.25,118,80
549,Susan,Russell,SRUSSELL,"650.177.3959",SA_REP,9776.0,0.4,119,80
550,Amber,Phillips,APHILLIP,"650.121.4909",SA_REP,9434.0,0.4,120,80
551,Samuel,Sanders,SSANDERS,"650.124.2092",SA_REP,,0.25,113,80
552,Katherine,Gonzalez,KGONZALE,"650.131.5661",SA_REP,9155.0,0.2,114,80
553,Alexander,Weaver,AWEAVER,"650.181.5203",SA_REP,9920.0,0.35,115,80
554,Marie,Anderson,MANDERSO,"650.138.1023",SA_REP,7852.0,0.15,116,80
555,Lauren,Wagner,LWAGNER,"650.176.3803",SA_REP,9892.0,0.25,117,80
556,Betty,Patterson,BPATTERS,"650.179.1459",SA_REP,7469.0,0.25,118,80
557,Scott,Gutierrez,SGUTIERR,"650.156.7486",SA_REP,11233.0,0.3,119,80
558,Stephanie,Young,SYOUNG,"650.129.8604",SA_REP,6176.0,0.4,120,80
559,Diana,Cruz,DCRUZ,"650.147.4016",SA_REP,8163.0,0.4,113,80
560,Kevin,Ramos,,"650.120.7418",SA_REP,10112.0,0.2,114,80
561,Julie,Rios,JRIOS,"650.156.5632",SA_REP,6513.0,0.2,115,80
562,Zachary,Jimenez,ZJIMENEZ,,SA_REP,11171.0,0.25,116,80
563,Teresa,Johnston,TJOHNSTO,"650.172.3011",SA_REP,11163.0,0.2,117,80
564,Emily,Irving,EIRVING,"650.146.6242",,11222.0,0.2,118,80
565,Julia,Bates,JBATES,"650.146.3115",SA_REP,7169.0,0.25,119,80
566,Louis,Jimenez,LJIMENEZ,"650.150.6448",SA_REP,7321.0,0.2,120,80
567,Theresa,Davis,TDAVIS,"650.174.8053",SA_REP,,0.15,113,80
568,Adam,Webb,AWEBB,"650.137.7051",SA_REP,,0.35,114,80
569,Evelyn,Ernst,EERNST,"650.127.5506",SA_REP,7066.0,0.15,115,80
570,David,Morrison,DMORRISO,"650.192.4920",SA_REP,7710.0,,116,80
571,Kelly,Howard,KHOWARD,"650.157.7279",SA_REP,7506.0,0.2,117,80
572,Pamela,Hart,PHART,"650.142.9507",SA_REP,8409.0,0.35,118,80
573,Alexander,Warren,AWARREN,"650.131.8231",SA_REP,7924.0,0.2,119,80
574,Bobby,Chambers,BCHAMBER,"650.163.4382",SA_REP,8568.0,0.15,120,80
575,Doris,Thompson,DTHOMPSO,"650.186.7258",SA_REP,8410.0,0.15,113,80
576,Joseph,Tucker,JTUCKER,"650.184.5336",SA_REP,8123.0,0.15,114,80
577,Sean,Crawford,SCRAWFOR,"650.140.5318",SA_REP,7779.0,0.25,115,80
578,John,Herrera,JHERRERA,"650.165.1551",SA_REP,,,116,80
579,Nancy,Price,NPRICE,"650.173.6273",SA_REP,8771.0,0.25,117,80
580,Louis,Edwards,,"650.156.9050",SA_REP,7065.0,0.3,,80
581,Elizabeth,Bates,EBATES,"650.195.3073",SA_REP,9507.0,0.4,119,80
582,Jeffrey,Ramos,JRAMOS,"650.179.5517",SA_REP,10792.0,0.35,120,80
583,Fred,Mavris,,"650.193.1850",SA_REP,7924.0,0.35,113,80
584,Theresa,Santos,TSANTOS,"650.139.1750",SA_REP,8787.0,0.4,114,80
585,Charlotte,Nelson,CNELSON,"650.125.7259",SA_REP,9685.0,0.4,115,80
586,Denise,Vargas,DVARGAS,"650.123.3841",SA_REP,7373.0,0.15,116,80
587,Madison,Vasquez,MVASQUEZ,"650.162.5223",SA_REP,9233.0,0.15,117,80
588,Ryan,Franklin,RFRANKLI,"650.141.7530",SA_REP,6289.0,,118,80
589,Mary,Myers,MMYERS,"650.153.4316",SA_REP,10355.0,0.4,119,80
590,Cynthia,Henderson,CHENDERS,"650.144.8727",SA_REP,6464.0,0.3,120,80
591,Alice,Jenkins,AJENKINS,"650.147.8171",SA_REP,10648.0,0.3,113,80
592,Nicholas,Hicks,NHICKS,"650.146.7792",SA_REP,8136.0,0.2,114,80
593,Paul,Feeney,PFEENEY,"650.135.8801",SA_REP,7487.0,0.3,115,80
594,Thomas,Robinson,TROBINSO,"650.176.4483",SA_REP,6212.0,,116,80
595,Ruth,Gordon,RGORDON,"650.136.1077",SA_REP,10459.0,0.15,117,80
596,Doris,Rios,DRIOS,"650.130.4102",SA_REP,7826.0,0.2,118,80
597,Thomas,Cole,TCOLE,"650.175.8646",SA_REP,,,119,80
598,Jacqueline,Boyd,JBOYD,"650.172.1824",SA_REP,7681.0,0.25,120,80
599,Stephanie,George,SGEORGE,"650.161.4735",SA_REP,10001.0,0.3,113,80
600,Stephanie,Powell,SPOWELL,"650.197.9374",,9507.0,0.35,114,80
601,Ella,Hernandez,EHERNAND,"650.167.6135",SA_REP,10377.0,0.4,115,80
602,Roy,Guzman,RGUZMAN,"650.140.1199",SA_REP,7815.0,0.4,116,80
603,Donald,Delgado,DDELGADO,"650.123.5339",SA_REP,10253.0,0.15,117,80
604,Kelly,Turner,KTURNER,"650.172.7092",SA_REP,10166.0,0.2,118,80
605,Joseph,Larson,JLARSON,"650.158.6703",SA_REP,6644.0,0.35,119,80
606,,Hunold,DHUNOLD,"650.137.8096",SA_REP,6276.0,0.15,120,80
607,Frances,Kim,,"650.174.4538",SA_REP,7115.0,0.2,113,80
608,Terry,Porter,TPORTER,"650.142.5711",SA_REP,8158.0,0.2,114,
609,Amber,Butler,ABUTLER,"650.193.7126",SA_REP,6259.0,0.3,115,80
610,Teresa,Shaw,TSHAW,,SA_REP,10227.0,0.25,116,80
611,Brandon,Fripp,,,SA_REP,6169.0,0.3,117,80
612,Frank,Medina,FMEDINA,"650.162.4857",SA_REP,8034.0,0.3,118,80
613,Judy,Butler,JBUTLER,"650.160.5000",SA_REP,11450.0,0.15,119,80
614,Jennifer,Kaufling,JKAUFLIN,"650.198.6771",SA_REP,11215.0,0.15,,80
615,William,Wallace,WWALLACE,"515.171.2630",FI_ACCOUNT,7259.0,,121,100
616,Peter,Evans,PEVANS,"515.148.9453",FI_ACCOUNT,8429.0,,121,100
617,Brian,Patel,BPATEL,"515.191.6282",FI_ACCOUNT,8204.0,,121,100
618,Daniel,George,DGEORGE,"515.167.3818",FI_ACCOUNT,7502.0,,121,100
619,Philip,Chapman,PCHAPMAN,"515.170.3245",FI_ACCOUNT,8742.0,,121,100
620,Janet,Graham,JGRAHAM,"515.126.8625",FI_ACCOUNT,8218.0,,121,100
621,Debra,White,DWHITE,"515.187.2174",FI_ACCOUNT,7231.0,,121,100
622,Dawn,Perry,DPERRY,"515.157.8960",FI_ACCOUNT,7341.0,,121,100
623,Lauren,Hughes,LHUGHES,"515.128.3412",FI_ACCOUNT,8638.0,,121,100
624,Rachel,Woods,RWOODS,"515.177.6650",FI_ACCOUNT,8122.0,,121,100
625,Nicole,Stevens,NSTEVENS,"515.136.8895",FI_ACCOUNT,8844.0,,121,100
626,George,Kochhar,GKOCHHAR,"515.158.7175",FI_ACCOUNT,8891.0,,121,100
627,Lisa,Ford,LFORD,"515.186.1317",FI_ACCOUNT,8672.0,,121,100
628,Daniel,Livingston,DLIVINGS,"515.188.2033",FI_ACCOUNT,,,121,100
629,Louis,Arnold,LARNOLD,"515.168.9942",FI_ACCOUNT,,,121,100
630,Nicole,Rogers,,"515.148.7629",FI_ACCOUNT,8831.0,,121,100
631,John,Harrison,JHARRISO,"515.128.5983",FI_ACCOUNT,8719.0,,121,100
632,Ralph,Richards,RRICHARD,"515.194.1690",FI_ACCOUNT,8758.0,,121,100
633,Susan,Franklin,SFRANKLI,"515.127.6798",FI_ACCOUNT,8410.0,,121,100
634,Sharon,Ruiz,,"515.140.6317",FI_ACCOUNT,7262.0,,121,100
635,Emily,Carroll,ECARROLL,"515.199.5564",FI_ACCOUNT,,,121,100
636,Ella,Edwards,EEDWARDS,"515.177.2990",FI_ACCOUNT,8806.0,,121,100
637,Heather,Santos,HSANTOS,"515.131.7651",FI_ACCOUNT,7791.0,,121,100
638,Terry,Baker,TBAKER,"515.143.4227",FI_ACCOUNT,8959.0,,121,100
639,Deborah,Lane,DLANE,"515.132.2648",FI_ACCOUNT,7109.0,,121,100
640,Christian,Delgado,CDELGADO,,FI_ACCOUNT,8928.0,,121,100
641,Janice,Jimenez,JJIMENEZ,"515.127.5216",FI_ACCOUNT,8716.0,,121,100
642,Jordan,Silva,JSILVA,"515.189.8120",FI_ACCOUNT,8668.0,,121,100
643,Maria,Fox,MFOX,"515.190.8267",FI_ACCOUNT,7223.0,,121,100
644,John,Gonzales,JGONZALE,"515.151.9250",FI_ACCOUNT,7015.0,,121,100
645,Shirley,Chavez,SCHAVEZ,"515.169.9209",FI_ACCOUNT,7397.0,,121,100
646,Joshua,Lopez,JLOPEZ,"515.176.9013",FI_ACCOUNT,8764.0,,121,100
647,Donna,Riley,DRILEY,"515.154.4604",FI_ACCOUNT,8569.0,,121,100
648,Tyler,Watkins,TWATKINS,"515.123.2466",FI_ACCOUNT,8685.0,,121,100
649,Megan,Barnes,MBARNES,"515.125.5583",FI_ACCOUNT,7982.0,,121,100
650,Maria,Urman,MURMAN,"515.168.8525",FI_ACCOUNT,8781.0,,121,100
651,Shirley,West,SWEST,"515.163.9554",FI_ACCOUNT,7220.0,,,100
652,Victor,Patel,,"515.185.1920",FI_ACCOUNT,8613.0,,121,100
653,Bobby,Taylor,BTAYLOR,"515.186.9003",FI_ACCOUNT,8184.0,,121,100
654,Michael,Williams,MWILLIAM,"515.145.7804",FI_ACCOUNT,7126.0,,121,100
655,Vincent,Parker,VPARKER,"515.155.6078",FI_ACCOUNT,,,121,100
656,Andrea,Ladwig,ALADWIG,"515.157.2820",FI_ACCOUNT,8484.0,,121,100
657,Mark,Hicks,MHICKS,"515.136.4028",FI_ACCOUNT,7588.0,,121,100
658,Jacqueline,Urman,JURMAN,"515.157.4667",FI_ACCOUNT,7171.0,,121,100
659,Noah,Baer,NBAER,"515.142.8608",FI_ACCOUNT,7609.0,,121,100
660,Rebecca,Moore,RMOORE,"515.183.9482",FI_ACCOUNT,8666.0,,121,100
661,Samantha,Urman,SURMAN,"515.175.4122",FI_ACCOUNT,7969.0,,121,100
662,David,Mavris,DMAVRIS,"515.199.3586",FI_ACCOUNT,8492.0,,121,100
663,Doris,Alexander,DALEXAND,"515.131.2235",FI_ACCOUNT,8877.0,,121,100
664,Judy,Smith,JSMITH,"515.164.9015",FI_ACCOUNT,7063.0,,121,100
665,Gloria,Carroll,GCARROLL,"515.192.8332",AC_ACCOUNT,7991.0,,122,110
666,Brenda,Rogers,BROGERS,"515.143.8383",AC_ACCOUNT,7984.0,,122,110
667,Sara,Murphy,SMURPHY,"515.177.4255",AC_ACCOUNT,7526.0,,122,110
668,Jeffrey,Perkins,JPERKINS,"515.163.5116",AC_ACCOUNT,6903.0,,122,110
669,Jack,Brooks,JBROOKS,"515.139.7137",AC_ACCOUNT,7376.0,,122,110
670,Carl,West,CWEST,"515.150.1274",AC_ACCOUNT,7938.0,,122,110
671,Kimberly,Larson,KLARSON,,AC_ACCOUNT,7157.0,,122,110
672,Samuel,Lee,SLEE,"515.136.8025",AC_ACCOUNT,8202.0,,122,110
673,Bobby,Kumar,BKUMAR,,AC_ACCOUNT,7894.0,,122,110
674,Marie,Bradley,MBRADLEY,"515.128.5725",AC_ACCOUNT,7525.0,,122,110
675,Patricia,Medina,PMEDINA,"515.189.8649",AC_ACCOUNT,7213.0,,122,110
676,Dennis,Contreras,DCONTRER,"515.172.1771",AC_ACCOUNT,7370.0,,122,110
677,Harold,Harper,HHARPER,"515.165.6899",AC_ACCOUNT,7182.0,,122,110
678,Anna,Feeney,AFEENEY,"515.188.2535",AC_ACCOUNT,7789.0,,,110
679,Jeffrey,Sanchez,JSANCHEZ,"515.152.1246",AC_ACCOUNT,7538.0,,122,110
680,Stephanie,Zlotkey,SZLOTKEY,"515.121.5759",AC_ACCOUNT,7676.0,,122,110
681,Alexander,Bloom,ABLOOM,"515.193.2606",AC_ACCOUNT,7746.0,,122,110
682,Benjamin,Dellinger,BDELLING,"515.183.7818",AC_ACCOUNT,8252.0,,122,110
683,Nancy,Clark,NCLARK,"515.157.3714",AC_ACCOUNT,8065.0,,122,110
684,Timothy,Rogers,TROGERS,"515.157.2347",AC_ACCOUNT,7708.0,,122,110
685,,Hayes,AHAYES,"515.146.1033",AC_ACCOUNT,7702.0,,122,110
686,Jack,Willis,JWILLIS,"515.140.4850",AC_ACCOUNT,7003.0,,122,110
687,Janice,Carroll,,"515.151.3091",AC_ACCOUNT,7201.0,,122,110
688,Nancy,Rajs,NRAJS,"515.198.7973",AC_ACCOUNT,7033.0,,122,110
689,Margaret,Young,MYOUNG,"515.195.3590",AC_ACCOUNT,7277.0,,122,110
690,Jonathan,James,JJAMES,"515.180.6098",AC_ACCOUNT,7364.0,,122,110
691,Sara,Fisher,SFISHER,"515.167.1933",AC_ACCOUNT,,,122,110
692,Janice,Alexander,JALEXAND,"515.194.2563",AC_ACCOUNT,7815.0,,122,110
693,Larry,Seo,LSEO,"515.129.7332",AC_ACCOUNT,7776.0,,122,110
694,Kelly,Everett,KEVERETT,"515.198.3412",AC_ACCOUNT,7624.0,,122,110
695,Joyce,Vance,JVANCE,"515.163.6253",AC_ACCOUNT,7354.0,,122,110
696,Howard,Walker,HWALKER,"515.127.7657",AC_ACCOUNT,8289.0,,122,110
697,Julia,Spencer,JSPENCER,"515.145.2246",AC_ACCOUNT,8086.0,,122,110
698,Angela,Long,ALONG,"515.190.1561",AC_ACCOUNT,7060.0,,122,110
699,Frances,Martin,FMARTIN,"515.160.5926",AC_ACCOUNT,,,122,110
